<?xml version="1.0" encoding="utf-8"?>
<eml:eml xmlns:eml="eml://ecoinformatics.org/eml-2.1.1" xmlns:xsi="http://www.w3.org/2001/XMLSchema-instance"
         xsi:schemaLocation="eml://ecoinformatics.org/eml-2.1.1 http://rs.gbif.org/schema/eml-gbif-profile/1.2/eml.xsd"
packageId="29f4379a-6f76-4fef-bad7-bea550af9e16"  system="http://gbif.org" scope="system"
xml:lang="fr">

    <dataset>
            <alternateIdentifier>10.15468/wc8hub</alternateIdentifier>
                <alternateIdentifier>https://ipt.gbif.fr/resource?r=mzs_mamm_osteo</alternateIdentifier>
                <alternateIdentifier>29f4379a-6f76-4fef-bad7-bea550af9e16</alternateIdentifier>
                <alternateIdentifier>http://ipt.gbif.fr/resource?r=mzs_mamm_osteo</alternateIdentifier>
        <title>Mammals MZS</title>
            <creator>
            <individualName>
<givenName>David</givenName>                    <surName>Carita</surName>
            </individualName>
<organizationName>Musée Zoologique de la ville de Strasbourg</organizationName><positionName>Assistant curator</positionName>            <address>
<deliveryPoint>Ville et Eurométropole de Strasbourg Direction de la Culture · Service des Musées. 1 parc de l&apos;Étoile</deliveryPoint><city>Strasbourg</city><postalCode>67076 Strasbourg Cedex</postalCode><country>FRANCE</country>            </address>
<phone>+33 (0)3 68 85 04 92</phone><electronicMailAddress>David.CARITA@strasbourg.eu</electronicMailAddress>            </creator>
            <creator>
            <individualName>
<givenName>Constance</givenName>                    <surName>Bronnert</surName>
            </individualName>
<organizationName>Musée Zoologique de la ville de Strasbourg</organizationName><positionName>Researcher</positionName>            <address>
<deliveryPoint>Ville et Eurométropole de Strasbourg Direction de la Culture · Service des Musées. 1 parc de l&apos;Étoile</deliveryPoint><city>Strasbourg</city><postalCode>67076 Strasbourg Cedex</postalCode><country>FRANCE</country>            </address>
            </creator>
            <creator>
            <individualName>
<givenName>Marie</givenName>                    <surName>Meister</surName>
            </individualName>
<organizationName>Musée Zoologique de la ville de Strasbourg</organizationName><positionName>Researcher</positionName>            <address>
<deliveryPoint>Ville et Eurométropole de Strasbourg Direction de la Culture · Service des Musées. 1 parc de l&apos;Étoile</deliveryPoint><city>Strasbourg</city><postalCode>67076 Strasbourg Cedex</postalCode><country>FRANCE</country>            </address>
<electronicMailAddress>mf.meister@unistra.fr</electronicMailAddress>            </creator>
            <creator>
            <individualName>
<givenName>Elisabeth</givenName>                    <surName>Ludes-Fraulob</surName>
            </individualName>
<organizationName>Musée Zoologique de la ville de Strasbourg</organizationName><positionName>Collection manager</positionName>            <address>
<deliveryPoint>Ville et Eurométropole de Strasbourg Direction de la Culture · Service des Musées. 1 parc de l&apos;Étoile</deliveryPoint><city>Strasbourg</city><postalCode>67076 Strasbourg Cedex</postalCode><country>FRANCE</country>            </address>
            </creator>
            <creator>
            <individualName>
<givenName>Samuel</givenName>                    <surName>Cordier</surName>
            </individualName>
<organizationName>Musée Zoologique de la ville de Strasbourg</organizationName><positionName>Curator</positionName>            <address>
<deliveryPoint>Ville et Eurométropole de Strasbourg Direction de la Culture · Service des Musées. 1 parc de l&apos;Étoile</deliveryPoint><city>Strasbourg</city><postalCode>67076 Strasbourg Cedex</postalCode><country>FRANCE</country>            </address>
            </creator>
            <metadataProvider>
            <individualName>
<givenName>Marie</givenName>                    <surName>Meister</surName>
            </individualName>
<organizationName>Musée Zoologique de la ville de Strasbourg</organizationName><positionName>Curator</positionName>            <address>
<deliveryPoint>Ville et Eurométropole de Strasbourg Direction de la Culture · Service des Musées. 1 parc de l&apos;Étoile</deliveryPoint><city>Strasbourg</city><postalCode>67076 Strasbourg Cedex</postalCode><country>FRANCE</country>            </address>
<electronicMailAddress>mf.meister@unistra.fr</electronicMailAddress>            </metadataProvider>
            <metadataProvider>
            <individualName>
<givenName>Constance</givenName>                    <surName>Bronnert</surName>
            </individualName>
<organizationName>Musée Zoologique de la ville de Strasbourg</organizationName><positionName>Researcher</positionName>            <address>
<deliveryPoint>Ville et Eurométropole de Strasbourg Direction de la Culture · Service des Musées. 1 parc de l&apos;Étoile</deliveryPoint><city>Strasbourg</city><postalCode>67076 Strasbourg Cedex</postalCode><country>FRANCE</country>            </address>
            </metadataProvider>
            <associatedParty>
            <individualName>
                    <surName>GBIF France</surName>
            </individualName>
<organizationName>GBIF France</organizationName><positionName>IT support</positionName>            <address>
<deliveryPoint>43 rue Buffon Géologie CP48</deliveryPoint><city>Paris</city><postalCode>75005</postalCode><country>FRANCE</country>            </address>
<phone>+33140798065</phone><electronicMailAddress>connexion@gbif.fr</electronicMailAddress><onlineUrl>http://www.gbif.fr</onlineUrl>            <role>DISTRIBUTOR</role>
            </associatedParty>
            <pubDate>
                2024-02-15
            </pubDate>
        <language>ENGLISH</language>
            <abstract>
                    <para>The collection of Mammals at the MZS comprises more than 10,400 specimens. A large proportion of which (ca. 7000) are osteological samples, about 830 are specimens in alcohol, 1700 are mounted animals and 860 are skins. They have worldwide origins and cover all extant families. The collection periods are in their vast majority the 19th and 20th centuries but the oldest bone, a whale mandible, likely dates back to the 16th century. Several Natural History agencies significantly contributed to the 19th century entries, among which Hermann Rolle in Berlin, J.F.G. Umlauff in Hamburg and Gustav Schneider in Basel. About 300 mounted specimens of large Mammals (Bovidae, Equidae) correspond to invaluable specimens that were destroyed by bombing during WWII.
Two important ensembles are present in the collection. One was collected in the 1870’s by Reinhold Hensel in eastern Europe and Russia and consists of a skull collection (1340 elements) of mainly Rodents and Carnivora. The second is a collection of bats, dry, bones or mummies, from an extensive survey in Alsace in the 1980’s (648 pieces). Other relevant ensembles are the 174 skeletons collected by Gottfried Hagmann in South Amerika beginning of 20th century, and those collected in Japan by Ludwig Döderlein in 1879-1881. There are also several specimens, among which 2 mounted lion skeletons, donated by Georges Cuvier. Finally 27 specimens are valid types for species or sub-species.

Ce travail a bénéficié du soutien financier du Ministère de l’Enseignement Supérieur et de la Recherche.</para>
            </abstract>
                <keywordSet>
                        <keyword>Occurrence</keyword>
                        <keywordThesaurus>GBIF Dataset Type Vocabulary: http://rs.gbif.org/vocabulary/gbif/dataset_type.xml</keywordThesaurus>
                </keywordSet>
                <keywordSet>
                        <keyword>Specimen</keyword>
                        <keywordThesaurus>GBIF Dataset Subtype Vocabulary: http://rs.gbif.org/vocabulary/gbif/dataset_subtype.xml</keywordThesaurus>
                </keywordSet>
                <keywordSet>
                        <keyword>Occurrence</keyword>
                        <keywordThesaurus>GBIF Dataset Type Vocabulary: http://rs.gbif.org/vocabulary/gbif/dataset_type_2015-07-10.xml</keywordThesaurus>
                </keywordSet>
            <intellectualRights>
                    <para>This work is licensed under a <ulink url="http://creativecommons.org/licenses/by/4.0/legalcode"><citetitle>Creative Commons Attribution (CC-BY) 4.0 License</citetitle></ulink>.</para>
            </intellectualRights>
            <coverage>
                    <geographicCoverage>
                            <geographicDescription>Worldwide</geographicDescription>
                            <boundingCoordinates>
                                <westBoundingCoordinate>-180</westBoundingCoordinate>
                                <eastBoundingCoordinate>180</eastBoundingCoordinate>
                                <northBoundingCoordinate>90</northBoundingCoordinate>
                                <southBoundingCoordinate>-90</southBoundingCoordinate>
                            </boundingCoordinates>
                    </geographicCoverage>
            </coverage>
            <maintenance>
                <description>
                    <para></para>
                </description>
                <maintenanceUpdateFrequency>unkown</maintenanceUpdateFrequency>
            </maintenance>
            <contact>
            <individualName>
<givenName>David</givenName>                    <surName>Carita</surName>
            </individualName>
<organizationName>Musée Zoologique de la ville de Strasbourg</organizationName><positionName>Deputy curator</positionName>            <address>
<deliveryPoint>Ville et Eurométropole de Strasbourg Direction de la Culture · Service des Musées. 1 parc de l&apos;Étoile</deliveryPoint><city>Strasbourg</city><postalCode>67076 Strasbourg Cedex</postalCode><country>FRANCE</country>            </address>
<phone>+33 (0)3 68 85 04 92</phone><electronicMailAddress>David.CARITA@strasbourg.eu</electronicMailAddress>            </contact>

    </dataset>

    <additionalMetadata>
        <metadata>
            <gbif>
                <dateStamp>2024-04-15T09:24:17Z</dateStamp>
                <citation>Carita D, Bronnert C, Meister M, Ludes-Fraulob E, Cordier S (2024). Mammals MZS. Version 1.4. Musée Zoologique de la Ville de Strasbourg. Occurrence dataset https://doi.org/10.15468/wc8hub accessed via GBIF.org on 2024-04-15.</citation>
            </gbif>
        </metadata>
    </additionalMetadata>

</eml:eml>
