<?xml version="1.0" encoding="utf-8"?>
<eml:eml xmlns:eml="eml://ecoinformatics.org/eml-2.1.1" xmlns:xsi="http://www.w3.org/2001/XMLSchema-instance"
         xsi:schemaLocation="eml://ecoinformatics.org/eml-2.1.1 http://rs.gbif.org/schema/eml-gbif-profile/1.2/eml.xsd"
packageId="355ffa2e-36ce-44aa-9772-2f433169100c"  system="http://gbif.org" scope="system"
xml:lang="en">

    <dataset>
            <alternateIdentifier>10.15468/gwqwux</alternateIdentifier>
                <alternateIdentifier>http://id.zfmk.de/dataset_ZFMK/631</alternateIdentifier>
        <title>ZFMK Mammalia collection</title>
            <creator>
            <individualName>
                    <surName>Dr. J. Decher</surName>
            </individualName>
            <address>
<deliveryPoint>Leibniz Institute for the Analysis of Biodiversity Change - Adenauerallee 127, 53113 Bonn, Germany</deliveryPoint>            </address>
<phone>0049 (0) 2289122262</phone><electronicMailAddress>j.decher@leibniz-zfmk.de</electronicMailAddress>            </creator>
            <associatedParty>
            <individualName>
                    <surName>LIB Biodiversity Datacenter</surName>
            </individualName>
            <address>
<deliveryPoint>Leibniz Institute for the Analysis of Biodiversity Change - Adenauerallee 127, 53113 Bonn, Germany</deliveryPoint>            </address>
<phone>+49 (0) 2289122342</phone><electronicMailAddress>datacenter@leibniz-lib.de</electronicMailAddress>            <role>TECHNICAL_POINT_OF_CONTACT</role>
            </associatedParty>
        <language>en</language>
            <abstract>
                    <para>The mammalian collection at the collection at the Leibniz Institute for the Analysis of Biodiversity Change - Museum Koenig Bonn houses about 100,000 specimens representing 1,800 species of mammals. All recent orders and 87% of the families are represented.  There are 100 primary type specimens (holo-, lecto- and neotypes) and 500 paratypes; including those of extinct species.</para>
            </abstract>
            <intellectualRights>
                    <para>This work is licensed under a <ulink url="http://creativecommons.org/licenses/by/4.0/legalcode"><citetitle>Creative Commons Attribution (CC-BY) 4.0 License</citetitle></ulink>.</para>
            </intellectualRights>
            <distribution scope="document">
                <online>
                    <url function="information">https://bonn.leibniz-lib.de/en/research/collections/mammalogy</url>
                </online>
            </distribution>
            <contact>
            <individualName>
                    <surName>Dr. J. Decher</surName>
            </individualName>
            <address>
<deliveryPoint>Leibniz Institute for the Analysis of Biodiversity Change - Adenauerallee 127, 53113 Bonn, Germany</deliveryPoint>            </address>
<phone>0049 (0) 2289122262</phone><electronicMailAddress>j.decher@leibniz-zfmk.de</electronicMailAddress>            </contact>

    </dataset>

    <additionalMetadata>
        <metadata>
            <gbif>
                <dateStamp>2024-04-15T09:24:20Z</dateStamp>
                <citation>Leibniz Institute for the Analysis of Biodiversity Change (LIB). ZFMK Mammalia collection. Occurrence dataset https://doi.org/10.15468/gwqwux accessed via GBIF.org on 2024-04-15.</citation>
                    <resourceLogoUrl>https://leibniz-lib.de/wp-content/themes/lib-leibniz/img/logo-en.svg</resourceLogoUrl>
            </gbif>
        </metadata>
    </additionalMetadata>

</eml:eml>
