<?xml version="1.0" encoding="utf-8"?>
<eml:eml xmlns:eml="eml://ecoinformatics.org/eml-2.1.1" xmlns:xsi="http://www.w3.org/2001/XMLSchema-instance"
         xsi:schemaLocation="eml://ecoinformatics.org/eml-2.1.1 http://rs.gbif.org/schema/eml-gbif-profile/1.2/eml.xsd"
packageId="3ad882bb-cd21-4201-8b83-3684bfc6d830"  system="http://gbif.org" scope="system"
xml:lang="en">

    <dataset>
            <alternateIdentifier>10.15468/qgdpad</alternateIdentifier>
                <alternateIdentifier>https://data.canadensys.net/ipt/resource?r=ubc_bbm_ctc_mammals</alternateIdentifier>
                <alternateIdentifier>http://ipt.vertnet.org:8080/ipt/resource?r=ubc_bbm_ctc_mammals</alternateIdentifier>
                <alternateIdentifier>http://ipt.vertnet.org:8080/ipt/resource.do?r=ubc_bbm_ctc_mammals</alternateIdentifier>
                <alternateIdentifier>3ad882bb-cd21-4201-8b83-3684bfc6d830</alternateIdentifier>
                <alternateIdentifier>14937</alternateIdentifier>
        <title>Cowan Tetrapod Collection - Mammals</title>
            <creator>
            <individualName>
<givenName>Ildiko</givenName>                    <surName>Szabo</surName>
            </individualName>
<organizationName>Beaty Biodiversity Museum</organizationName><positionName>Collections Curator of the UBC BBM Cowan Tetrapod Collection</positionName>            <address>
<deliveryPoint>2212 Main Mall</deliveryPoint><city>Vancouver</city><administrativeArea>BC</administrativeArea><postalCode>V6T 1Z4</postalCode><country>CANADA</country>            </address>
<electronicMailAddress>ildiko.szabo@ubc.ca</electronicMailAddress><onlineUrl>https://beatymuseum.ubc.ca/research-2/collections/cowan-tetrapod-collection/</onlineUrl>            </creator>
            <creator>
            <individualName>
<givenName>Christopher</givenName>                    <surName>Stinson</surName>
            </individualName>
<organizationName>Beaty Biodiversity Museum</organizationName><positionName>Lead Curatorial Assistant</positionName>            <address>
<deliveryPoint>2212 Main Mall</deliveryPoint><city>Vancouver</city><administrativeArea>British Columbia</administrativeArea><postalCode>V6T 1Z4</postalCode><country>CANADA</country>            </address>
<electronicMailAddress>christopher.stinson@ubc.ca</electronicMailAddress>            </creator>
            <metadataProvider>
            <individualName>
<givenName>Mark</givenName>                    <surName>Pitblado</surName>
            </individualName>
<organizationName>Beaty Biodiversity Museum</organizationName><positionName>Collections Curator, Biodiversity Informatics</positionName>            <address>
<deliveryPoint>2212 Main Mall</deliveryPoint><city>Vancouver</city><administrativeArea>British Columbia</administrativeArea><postalCode>V6T 1Z4</postalCode><country>CANADA</country>            </address>
<electronicMailAddress>mark.pitblado@ubc.ca</electronicMailAddress>            <userId directory="https://orcid.org/">0000-0002-8786-5167</userId>
            </metadataProvider>
            <associatedParty>
            <individualName>
<givenName>Carole</givenName>                    <surName>Sinou</surName>
            </individualName>
<organizationName>Université de Montréal</organizationName><positionName>Canadensys manager</positionName>            <address>
<deliveryPoint>4101 rue Sherbrooke Est</deliveryPoint><city>Montréal</city><administrativeArea>Québec</administrativeArea><postalCode>H1X 2B2</postalCode><country>CANADA</country>            </address>
<electronicMailAddress>carole.sinou@umontreal.ca</electronicMailAddress>            <userId directory="https://orcid.org/">0000-0002-6718-6669</userId>
            <role>PROGRAMMER</role>
            </associatedParty>
            <associatedParty>
            <individualName>
<givenName>Mark</givenName>                    <surName>Pitblado</surName>
            </individualName>
<organizationName>Beaty Biodiversity Museum</organizationName><positionName>Collections Curator, Biodiversity Informatics</positionName>            <address>
<deliveryPoint>2212 Main Mall</deliveryPoint><city>Vancouver</city><administrativeArea>British Columbia</administrativeArea><postalCode>V6T 1Z4</postalCode><country>CANADA</country>            </address>
<electronicMailAddress>mark.pitblado@ubc.ca</electronicMailAddress>            <userId directory="https://orcid.org/">0000-0002-8786-5167</userId>
            <role>PROCESSOR</role>
            </associatedParty>
            <pubDate>
                2024-03-05
            </pubDate>
        <language>ENGLISH</language>
            <abstract>
                    <para>The Cowan Tetrapod Collection mammal holdings holdings of 540 species in 95 families is comprised over 20,000 specimens. Global in scope, the collection is especially strong in specimens collected from Western Canada and southern Africa. The collection was founded by Dr. Ian McTaggart-Cowan and his father-in-law Kenneth Racey. The mammal collection is housed at the University of British Columbia Beaty Biodiversity Museum which contains approximately 2 million natural history specimens.</para>
            </abstract>
                <keywordSet>
                        <keyword>Occurrence</keyword>
                        <keywordThesaurus>GBIF Dataset Type Vocabulary: http://rs.gbif.org/vocabulary/gbif/dataset_type.xml</keywordThesaurus>
                </keywordSet>
                <keywordSet>
                        <keyword>Occurrence</keyword>
                        <keywordThesaurus>GBIF Dataset Type Vocabulary: http://rs.gbif.org/vocabulary/gbif/dataset_type_2015-07-10.xml</keywordThesaurus>
                </keywordSet>
                <keywordSet>
                        <keyword>Specimen</keyword>
                        <keywordThesaurus>GBIF Dataset Subtype Vocabulary: http://rs.gbif.org/vocabulary/gbif/dataset_subtype.xml</keywordThesaurus>
                </keywordSet>
            <additionalInfo>
                <para>http://vertnet.org/resources/norms.html</para>
            </additionalInfo>
            <intellectualRights>
                    <para>To the extent possible under law, the publisher has waived all rights to these data and has dedicated them to the <ulink url="http://creativecommons.org/publicdomain/zero/1.0/legalcode"><citetitle>Public Domain (CC0 1.0)</citetitle></ulink>. Users may copy, modify, distribute and use the work, including for commercial purposes, without restriction.</para>
            </intellectualRights>
            <distribution scope="document">
                <online>
                    <url function="information">https://beatymuseum.ubc.ca/research-2/collections/cowan-tetrapod-collection/</url>
                </online>
            </distribution>
            <coverage>
                    <geographicCoverage>
                            <geographicDescription>Global in scope with a particular emphasis on Western Canada and Southern Africa.</geographicDescription>
                            <boundingCoordinates>
                                <westBoundingCoordinate>-180</westBoundingCoordinate>
                                <eastBoundingCoordinate>180</eastBoundingCoordinate>
                                <northBoundingCoordinate>90</northBoundingCoordinate>
                                <southBoundingCoordinate>-90</southBoundingCoordinate>
                            </boundingCoordinates>
                    </geographicCoverage>
                    <temporalCoverage>
                            <rangeOfDates>
                                <beginDate>
                                    <calendarDate>                1930
</calendarDate>
                                </beginDate>
                                <endDate>
                                    <calendarDate>                2013
</calendarDate>
                                </endDate>
                            </rangeOfDates>
                    </temporalCoverage>
                        <taxonomicCoverage>
                                <generalTaxonomicCoverage>24 out of 29 living orders; 62% of living mammalian families are represented.</generalTaxonomicCoverage>
                                <taxonomicClassification>
                                        <taxonRankName>Class</taxonRankName>
                                    <taxonRankValue>Mammalia</taxonRankValue>
                                        <commonName>Mammals</commonName>
                                </taxonomicClassification>
                        </taxonomicCoverage>
            </coverage>
            <maintenance>
                <description>
                    <para></para>
                </description>
                <maintenanceUpdateFrequency>unkown</maintenanceUpdateFrequency>
            </maintenance>
            <contact>
            <individualName>
<givenName>Jill</givenName>                    <surName>Jankowski</surName>
            </individualName>
<organizationName>The University of British Columbia</organizationName><positionName>Director of Cowan Tetrapod Collection</positionName>            <address>
<city>Vancouver</city><administrativeArea>British Columbia</administrativeArea><country>CANADA</country>            </address>
<electronicMailAddress>jankowsk@biodiversity.ubc.ca</electronicMailAddress><onlineUrl>https://biodiversity.ubc.ca/people/faculty/jill-jankowski</onlineUrl>            </contact>
            <contact>
            <individualName>
<givenName>Ildiko</givenName>                    <surName>Szabo</surName>
            </individualName>
<organizationName>Beaty Biodiversity Museum</organizationName><positionName>Collections Curator of the UBC BBM Cowan Tetrapod Collection</positionName>            <address>
<deliveryPoint>2212 Main Mall</deliveryPoint><city>Vancouver</city><administrativeArea>BC</administrativeArea><postalCode>V6T 1Z4</postalCode><country>CANADA</country>            </address>
<electronicMailAddress>ildiko.szabo@ubc.ca</electronicMailAddress><onlineUrl>https://beatymuseum.ubc.ca/research-2/collections/cowan-tetrapod-collection/</onlineUrl>            </contact>
            <contact>
            <individualName>
<givenName>Christopher</givenName>                    <surName>Stinson</surName>
            </individualName>
<organizationName>Beaty Biodiversity Museum</organizationName><positionName>Lead Curatorial Assistant</positionName>            <address>
<deliveryPoint>2212 Main Mall</deliveryPoint><city>Vancouver</city><administrativeArea>British Columbia</administrativeArea><postalCode>V6T 1Z4</postalCode><country>CANADA</country>            </address>
<electronicMailAddress>christopher.stinson@ubc.ca</electronicMailAddress>            </contact>

    </dataset>

    <additionalMetadata>
        <metadata>
            <gbif>
                <dateStamp>2024-04-15T09:24:17Z</dateStamp>
                <citation>Szabo I, Stinson C, Pitblado M (2024). Cowan Tetrapod Collection - Mammals. Version 5.2. University of British Columbia. Occurrence dataset https://doi.org/10.15468/qgdpad accessed via GBIF.org on 2024-04-15.</citation>
                    <resourceLogoUrl>https://explore.beatymuseum.ubc.ca/brand/sub/beaty-logo-sub-mammal-colour.png</resourceLogoUrl>
                        <collection>
                            <parentCollectionIdentifier>University of British Columbia Beaty Biodiversity Museum</parentCollectionIdentifier>
                            <collectionIdentifier>UBCBBM</collectionIdentifier>
                            <collectionName>Cowan Tetrapod Collection - Mammals</collectionName>
                        </collection>
                        <specimenPreservationMethod>DRIED</specimenPreservationMethod>
            </gbif>
        </metadata>
    </additionalMetadata>

</eml:eml>
