<?xml version="1.0" encoding="utf-8"?>
<eml:eml xmlns:eml="eml://ecoinformatics.org/eml-2.1.1" xmlns:xsi="http://www.w3.org/2001/XMLSchema-instance"
         xsi:schemaLocation="eml://ecoinformatics.org/eml-2.1.1 http://rs.gbif.org/schema/eml-gbif-profile/1.2/eml.xsd"
packageId="84a4404a-f762-11e1-a439-00145eb45e9a"  system="http://gbif.org" scope="system"
xml:lang="en">

    <dataset>
            <alternateIdentifier>10.15468/8jayua</alternateIdentifier>
                <alternateIdentifier>https://science-net.kahaku.go.jp/ipt2/resource?r=snet-1188-122</alternateIdentifier>
                <alternateIdentifier>http://science-net.kahaku.go.jp/ipt2/resource?r=snet-1188-122</alternateIdentifier>
                <alternateIdentifier>84a4404a-f762-11e1-a439-00145eb45e9a</alternateIdentifier>
                <alternateIdentifier>614</alternateIdentifier>
        <title>Mammal collection of National Museum of Nature and Science</title>
            <creator>
            <individualName>
<givenName>Shin-ichiro</givenName>                    <surName>Kawada</surName>
            </individualName>
<organizationName>National Museum of Nature and Science</organizationName><positionName>Senior Curator</positionName>            <address>
<country>JAPAN</country>            </address>
<electronicMailAddress>kawada@kahaku.go.jp</electronicMailAddress>            </creator>
            <metadataProvider>
            <individualName>
<givenName>Shin-ichiro</givenName>                    <surName>Kawada</surName>
            </individualName>
<organizationName>National Museum of Nature and Science</organizationName><positionName>Senior Curator</positionName>            <address>
<country>JAPAN</country>            </address>
<electronicMailAddress>kawada@kahaku.go.jp</electronicMailAddress>            </metadataProvider>
            <pubDate>
                2024-02-16
            </pubDate>
        <language>ENGLISH</language>
            <abstract>
                    <para>Mammal specimens deposited at the Department of Zoology, National Museum of Nature and Science</para>
            </abstract>
                <keywordSet>
                        <keyword>Occurrence</keyword>
                        <keywordThesaurus>GBIF Dataset Type Vocabulary: http://rs.gbif.org/vocabulary/gbif/dataset_type_2015-07-10.xml</keywordThesaurus>
                </keywordSet>
            <intellectualRights>
                    <para>This work is licensed under a <ulink url="http://creativecommons.org/licenses/by/4.0/legalcode"><citetitle>Creative Commons Attribution (CC-BY) 4.0 License</citetitle></ulink>.</para>
            </intellectualRights>
            <distribution scope="document">
                <online>
                    <url function="information">https://db.kahaku.go.jp/webmuseum_en/</url>
                </online>
            </distribution>
            <maintenance>
                <description>
                    <para></para>
                </description>
                <maintenanceUpdateFrequency>unkown</maintenanceUpdateFrequency>
            </maintenance>
            <contact>
            <individualName>
<givenName>Shin-ichiro</givenName>                    <surName>Kawada</surName>
            </individualName>
<organizationName>National Museum of Nature and Science</organizationName><positionName>Senior Curator</positionName>            <address>
<country>JAPAN</country>            </address>
<electronicMailAddress>kawada@kahaku.go.jp</electronicMailAddress>            </contact>

    </dataset>

    <additionalMetadata>
        <metadata>
            <gbif>
                <dateStamp>2024-04-15T09:24:23Z</dateStamp>
                <citation>Kawada S (2024). Mammal collection of National Museum of Nature and Science. National Museum of Nature and Science, Japan. Occurrence dataset https://doi.org/10.15468/8jayua accessed via GBIF.org on 2024-04-15.</citation>
            </gbif>
        </metadata>
    </additionalMetadata>

</eml:eml>
