<?xml version="1.0" encoding="utf-8"?>
<eml:eml xmlns:eml="eml://ecoinformatics.org/eml-2.1.1" xmlns:xsi="http://www.w3.org/2001/XMLSchema-instance"
         xsi:schemaLocation="eml://ecoinformatics.org/eml-2.1.1 http://rs.gbif.org/schema/eml-gbif-profile/1.2/eml.xsd"
packageId="ffb14d94-d7b3-4f2a-b449-af1ebf39131a"  system="http://gbif.org" scope="system"
xml:lang="en">

    <dataset>
            <alternateIdentifier>10.15468/8raqsw</alternateIdentifier>
                <alternateIdentifier>https://biodiverse-nb.ca/portal/collections/misc/collprofiles.php?collid=4</alternateIdentifier>
        <title>New Brunswick Museum - Mammals</title>
            <creator>
<organizationName>New Brunswick Museum Collections</organizationName><electronicMailAddress>gregor.jongsma@gmail.com</electronicMailAddress><onlineUrl>https://biodiverse-nb.ca/portal/index.php</onlineUrl>            </creator>
            <metadataProvider>
<organizationName>New Brunswick Museum Collections</organizationName><electronicMailAddress>gregor.jongsma@gmail.com</electronicMailAddress><onlineUrl>https://biodiverse-nb.ca/portal/index.php</onlineUrl>            </metadataProvider>
            <pubDate>
                2023-09-14
            </pubDate>
        <language>ENGLISH</language>
            <abstract>
                    <para>The NBM mammal collection includes about 20,000 skins, skeletons, taxidermied mounts, frozen and dried tissues, and alcoholic specimens and is the largest mammal research collection in Atlantic Canada.  Most of the collection post-dates 1965.  There are good series of skeletons of small mammals from New Brunswick, Quebec, and Ontario, as well as New Brunswick fur-bearers. The collection is notable for its collection of Atlantic Canadian cetacea, which includes skeletons, anatomical samples, and frozen tissues.  Although largely consisting of eastern Canadian material, the collection also includes the Alward Collection of trophy mounts, a world-wide collection of well documented taxidermied large mammals.</para>
            </abstract>
            <intellectualRights>
                    <para>To the extent possible under law, the publisher has waived all rights to these data and has dedicated them to the <ulink url="http://creativecommons.org/publicdomain/zero/1.0/legalcode"><citetitle>Public Domain (CC0 1.0)</citetitle></ulink>. Users may copy, modify, distribute and use the work, including for commercial purposes, without restriction.</para>
            </intellectualRights>
            <contact>
<organizationName>New Brunswick Museum - Mammals</organizationName>            </contact>

    </dataset>

    <additionalMetadata>
        <metadata>
            <gbif>
                <dateStamp>2024-04-15T09:24:20Z</dateStamp>
                <citation>New Brunswick Museum (2023). New Brunswick Museum - Mammals. Occurrence dataset https://doi.org/10.15468/8raqsw accessed via GBIF.org on 2024-04-15.</citation>
            </gbif>
        </metadata>
    </additionalMetadata>

</eml:eml>
